Company Name,LEI Code
A2A SpA,81560076E3944316DB24
AP Moeller - Maersk A/S,549300D2K6PKKKXVNN73
Aalberts NV,549300EMP9DT6Q35HZ31
Abb Ltd,5493000LKVGOO9PELI61
Accelleron Industries AG,254900KS0MD2PAARXD14
Acciona SA,54930002KP75TLLLNO21
Accor SA,969500QZC2Q0TK11NV07
Acea SpA,549300Q3448N041CTH56
Ackermans & Van Haaren NV,5493005E2GHATS0Z6J59
Addtech AB,549300QZ5U2IDRHPWL60
Adecco Group AG,NI14Y5UMU60O7JE9P611
Adidas AG,549300JSX0Z4CW0V5023
Adient PLC,5493002QLDY8O75RTR78
Aena SME SA,959800R7QMXKF0NFMT29
AerCap Holdings NV,549300SZYINBBLJQU475
Aeroports de Paris SA,969500PJMBSFHYC37989
Airbus SE,MINO79WLOO247M1IL051
Aker ASA,5967007LIEEXZXJ10071
Aker BP ASA,549300NFTY73920OYK69
Aksa Akrilik Kimya Sanayii AS,789000OKY3ICX0Y2NY41
Aksa Enerji Uretim AS,789000KQC5JTW1S3JG98
Akzo Nobel NV,724500XYIJUGXAA5QD70
Alfa Laval AB,549300UCKT2UK88AG251
Alleima AB,529900EBHTYGLA6PGP77
Alstom SA,96950032TUYMW11FB530
Aluflexpack AG,529900ZK9QIQWWPU5T64
Amadeus Fire AG,391200TJJ820ZDHNFJ33
Amcor PLC,549300GSODGFCDQ3DI89
Amer Sports Inc,391200YCSWTRD1J21867
Anadolu Efes Biracilik ve Malt Sanayii AS,7890006LGARYVIPOJX03
Andritz AG,549300VZKC61IR5U8G96
Anglo American PLC,549300S9XF92D1X8ME43
Anheuser-Busch Inbev SA,5493008H3828EMEXB082
Anora Group Oyj,52990007AXNSS4PNX352
Antofagasta PLC,213800MY6QVH4FVLD628
Apetit Oyj,743700RSFZUIQYABYT14
Aptiv PLC,
Aquaporin A/S,894500AW5ZWMYUZN1V70
Arbonia AG,52990053OCTMTW77M139
Arcadis NV,7245000UZH70GO047N03
Arcadium Lithium PLC,5299008YH4W6QL5DPN51
Arcelik AS,789000748KTQCUMJ0R25
ArcelorMittal SA,2EULGUTUI56JI9SAL165
Ardagh Metal Packaging SA,5493009WKQTU4FN9G032
Ariston Holding NV,815600CC86D25A205563
Arkema SA,9695000EHMS84KKP2785
Arriver Holdco Inc,54930082R4LTC7PERT23
Aselsan Elektronik Sanayi ve Ticaret AS,7890008XT4M710MU8714
Ashtead Group PLC,2138007UTBN8X9K1A235
Assa Abloy AB,549300YECS8HKCIMMB67
Associated British Foods PLC,GBQKSY6W7G0OHCQ8OQ72
Athens Water Supply and Sewerage Company SA,213800SA1M6NZ4YSQU91
Atlantica Sustainable Infrastructure Ltd,549300ITBBGKJ651R879
Atlas Copco AB,213800T8PC8Q4FYJZR07
Aurubis AG,5299005SHIN9ZK7GW242
Autoliv Inc,A23RUXWKASG834LTMK28
Autoneum Holding AG,549300FL07XZC5MNXS47
Avolta AG,549300X53WDBVW7TIF57
Axfood AB,549300QIXCZWZLHE8L05
Aygaz AS,7890000PALXE0100Q814
Ayvens SA,969500E7V019H9NP7427
Azelis Group NV,699400M9RRMTV264FM70
B&M European Value Retail SA,213800UK7ZRLY2K1X530
BAE Systems PLC,8SVCSVKSGDWMW2QHOH83
BASF SE,529900PM64WH8AF1E917
BIM Birlesik Magazalar AS,7890001GCDJQD8DJKE29
BKW AG,549300IE30SKTUO98Q38
BP PLC,213800LH1BZH3DI6G760
Babcock International Group PLC,213800TSKOLX4EU6L377
Balfour Beatty PLC,CT4UIJ3TUKGYYHMENQ17
Barratt Redrow PLC,2138006R85VEOF5YNK29
Barry Callebaut AG,213800Y5RWKLDPUTT265
BayWa AG,529900SM0FDLLYATXU36
Bayerische Motoren Werke AG,YEH5ZCD6E441RHVHD759
Beiersdorf AG,L47NHHI0Z9X22DV46U41
Beijer Ref AB (publ),549300PZZEUVH08H4G75
Belimo Holding AG,506700339DLX749VEM23
Bell Food Group AG,50670090YSFJ2732TD58
Bellway PLC,213800CY4L3HST4FGZ98
Berkeley Group Holdings PLC,2138009OQSSLVVHQAL78
Bilfinger SE,529900H0HULEN2BZ4604
Billerud AB (publ),549300YJUYJ9A24RXL71
Boliden AB,21380059QU7IM1ONDJ56
Borregaard ASA,5967007LIEEXZXGYXC05
Bouygues SA,969500MOCLNQFNZN0D63
Brembo NV,549300BLWVJN2BAT0A44
Brenntag SE,NNROIXVWJ7CPSR27SV97
British American Tobacco plc,213800FKA5MF17RJKT63
Broedrene A & O Johansen A/S,5299004B6ZEGVCR9ZR75
Brunello Cucinelli SpA,5493003CX2RZ0FOBH256
Bucher Industries AG,52990014AQ91A29HPB27
Bunzl plc,213800Q1Q9DV4L78UM09
Burberry Group PLC,213800PE1KEFCNFR1R50
Burckhardt Compression Holding AG,5067004N56DLX7GY3E95
Bureau Veritas SA,969500TPU5T3HA5D1F11
Burkhalter Holding AG,3912002Q7RGEIHPQ0J90
Buzzi SpA,5299003DX5YLKSVJ6K59
Bystronic AG,529900OG85OX10GRW920
CECONOMY AG,5299001X9L42HXEBCZ51
CEZ as,529900S5R9YHJHYKKG94
CNH Industrial NV,549300WGC2HZ5J67V817
CRH PLC,549300MIDJNNTH068E74
Capri Holdings Ltd,549300LPG8W0H1OX3A26
Cargotec Corp,5493002B0GOVF42KWX33
Carlsberg A/S,5299001O0WJQYB5GYZ19
Carrefour SA,549300B8P6MUJ1YWTS08
Central Asia Metals PLC,213800EYQBJZIT64NH43
Centrica PLC,E26EDV109X6EEPBKVH76
Cewe Stiftung & Co KGaA,529900IDFHN9MQ3WUD64
Chocoladefabriken Lindt & Spruengli AG,529900JYJNNOKKAGK736
Christian Dior SE,969500WESYQMQ1F2C272
Cimsa Cimento Sanayi ve Ticaret AS,789000AZR4YMJIHZ1145
Clariant AG,529900VSEKBY7TMPP349
Clarkson PLC,2138007G6BGTEHI3OT22
Coats Group PLC,2138003SPYWGAITNFY17
Coca Cola HBC AG,549300EFP3TNG7JGVE49
Coca-Cola Europacific Partners PLC,549300LTH67W4GWMRF57
Coca-Cola Icecek AS,789000WT80VVLUWJDK41
Colruyt Group NV,5493000O0NZ1BCXO8K39
Compagnie Financiere Richemont SA,549300YIPGJ6UX2QPS51
Compagnie de Saint Gobain SA,NFONVGN05Z0FMN5PEC35
Compass Group PLC,2138008M6MH9OZ6U2T68
Componenta Oyj,5493000SDCOXVGZDWK18
Constellium SE,724500KRJEMC79KAAU28
Consti Oyj,743700JMXCC11CRJCS71
Continental AG,529900A7YD9C0LLXM621
Copenhagen Airports A/S,549300Z01GJGM7D3HQ74
Corporacion Acciona Energias Renovables SA,254900UPX0OEHTKB9Y44
Corporacion America Airports SA,959800AWF26KMY2SXF71
Covestro AG,3912005AWHKLQ1CPLV11
Cranswick PLC,549300LDZLPU51XOSK43
Croda International PLC,2138004WCNBFJEEOXV26
D'Ieteren Group SA,549300DV5KJ23OKVTW34
DCC PLC,213800UPS1QEE4TD3T45
DEME Group NV,549300FPFPQPKI3PJV37
DEUTZ AG,5299005DETTV58V2PP63
DKSH Holding AG,549300HUUUNHO6FJUS42
DO & CO AG,5299002NFQKOBT1E8569
DS Smith Ltd,39RSBE4RCI4M15BLWH36
DSM-Firmenich AG,506700G44V67MPM4BI12
DSV A/S,529900X41C0BSLK67H70
Daetwyler Holding AG,52990096G2IJ89SWI669
Daimler Truck Holding AG,529900PW78JIYOUBSR24
Danieli & C Officine Meccaniche SpA,815600B4B8C6A353E566
Danone SA,969500KMUQ2B6CBAF162
Dassault Aviation SA,969500CVFTUT88V8QN95
Davide Campari Milano NV,213800ED5AN2J56N6Z02
De' Longhi SpA,8156000E09A52C4F8A38
Deliveroo PLC,984500F6537F74DDEE77
Delivery Hero SE,529900C3EX1FZGE48X78
Deutsche Lufthansa AG,529900PH63HYJ86ASW55
Deutsche Post AG,8ER8GIG7CSMVD8VUFE78
Diageo PLC,213800ZVIELEA55JMJ32
Diploma PLC,2138008OGI7VYG8FGR19
Dmg Mori AG,529900HXE4EQIHJY8518
Dogan Sirketler Grubu Holding AS,789000J24Q4JM3H6UX22
Dometic Group AB (publ),549300STIPMK5VSA7Y59
Domino's Pizza Group PLC,213800Q6ZKHAOV48JL75
Dormakaba Holding AG,529900QMU5ZH99KMQK13
Dottikon Es Holding AG,50670064H782SV8G2Z44
Dr Ing hc F Porsche AG,529900EWEX125AULXI58
Dr Martens PLC,213800QPT8YM6NQZPH28
Drax Group PLC,549300YPSNTXR4ZHSR98
Duerr AG,5299003APZ54EDTSRO20
Dunelm Group PLC,213800WCOWEI3T5DUV19
E.ON SE,Q9MAIUP40P25UFBFG033
EDAG Engineering Group AG,529900LQ2ZJ7F5Z4KN18
EDP Renovaveis SA,529900MUFAH07Q1TAX06
EDP SA,529900CLC3WDMGI9VH80
ENKA Insaat ve Sanayi AS,789000EE9HXTYDRH9O46
ERG SpA,8156004604684CA44A90
EVN AG,529900P4JZBFEVNEAE60
Easyjet PLC,2138001S47XKWIB7TH90
Eaton Corporation PLC,549300VDIGTMXUNT7H71
Ebro Foods SA,959800NW6DLQT89M3240
Edison SpA,529900WS2E20BA5J4L49
Eiffage SA,969500OQXKE5WDM9M994
Electricite De France SA,549300X3UK4GG3FNMO06
Electrolux AB,549300Y3HHZB1ZGFPJ93
Elia Group SA,549300S1MP1NFDIKT460
Elis SA,969500UX71LCE8MAY492
Elkem ASA,549300CVBE06T0SH6T76
ElringKlinger AG,529900QDISXXZ2D1Q489
Emmi AG,529900Q53RBYJIVCMA08
Ems Chemie Holding AG,529900G1XFTGSE0DIX60
EnBW Energie Baden Wuerttemberg AG,529900JSFZ4TS59HKD79
Enagas SA,213800OU3FQKGM4M2U23
Endeavour Mining plc,529900NI5MXQ91GHXR07
Endesa SA,549300LHK07F2CHV4X31
Enel SpA,WOCMU6HCI0OJWNPRZS33
Enento Group Oyj,743700EPLUWXE25HGM03
Energean PLC,549300RVMKU0CYUZBB05
Enerjisa Enerji AS,789000D0QULW3EE31N02
Enersense International Oyj,743700XSMVPR48XIML56
Engie SA,LAXUQCHT4FH58LRZDY46
Eni SpA,BUCRF72VH5RBN7X3VL35
Entain PLC,213800GNI3K45LQR8L28
Epiroc AB,5493004Q73OEYW1SPE91
Equinor ASA,OW6OFBNCKXC4US5C7523
Eramet SA,549300LUH78PG2MP6N64
Eregli Demir ve Celik Fabrikalari TAS,789000VYQF5IDGG49908
Ermenegildo Zegna NV,8156003760472AA7E269
Essity AB (publ),549300G8E6YUVJ1DA153
Evolution AB (publ),549300SUH6ZR1RF6TA88
Evonik Industries AG,41GUOJQTALQHLF39XJ34
Exel Composites Oyj,743700205JAMGM80QD88
Exor NV,5493002ENHZ6NYET7405
Experian PLC,635400RXXHHYT1JTSZ26
FDJ United,969500R4CLSQFTYYI535
FLSmidth & Co A/S,213800MXXDGQ3ITPXI41
Feintool International Holding AG,529900AUNJ8C37482692
Ferguson (Jersey) Ltd,213800DU1LGY3R2S2X42
Ferrari NV,549300RIVY5EX8RCON76
Ferrovial SE,72450022R2ZFL41Y6I04
Firstfarms A/S,2138007DFVFLUCCSX925
Flugger group A/S,5493008AHEOXL9ETQO38
Flughafen Zuerich AG,529900PFO97GCN5SYB55
Fluidra SA,9.598E+19
Ford Otomotiv Sanayi AS,7890006XJG6ZE2H34671
Fortum Oyj,635400IUIZZIUJSAMF76
Forvia SE,969500F0VMZLK2IULV85
Fraport Frankfurt Airport Services Worldwide AG,5299001ERX0K10IZUL40
Frasers Group PLC,213800JEGHHEAXIJDX34
Frontline Plc,5493004BCIKYU1YL3H63
Fuchs Se,529900SNF9E1P5ZO4P98
GEA Group AG,549300PHUU0ZZWO8EO07
GEK Terna SA,2138003TO2MTRHWVP686
Galp Energia SGPS SA,2138003319Y7NM75FG53
Games Workshop Group PLC,213800RP9QJQYGWHNT41
Gaztransport et Technigaz SA,969500BVOHVZUUFWDT54
Geberit AG,52990093Z5OHD6T7BS47
Gelsenwasser AG,529900JGEOQMCDYOK785
Georg Fischer AG,529900CMRQYW4U1W2456
Getlink SE,9695007ZEQ7M0OE74G82
Givaudan SA,213800SVRMQA1TD91D41
Glanbia PLC,635400SRMCBHVMSKJS84
Glaston Oyj Abp,743700V3I7CLI3DJ8L62
Glencore PLC,2138002658CPO9NBH955
Greek Organisation of Football Prognostics SA,213800M4NRGFJCI34834
GreenMobility A/S,213800PLNNPY2L2GUV16
Greencoat UK Wind PLC,213800ZPBBK8H51RX165
Greggs PLC,213800I71QMUFJ64IW20
Gurit Holding AG,529900VOD3V5IBEW8G44
H & M Hennes & Mauritz AB,529900O5RR7R39FRDM42
H&K AG,529900PURWE5WMRCH576
H+H International A/S,213800GJODT6FV8QM841
HELLA GmbH & Co KGaA,529900PLX4ADJFWIY024
HORNBACH Holding AG & Co KgaA,529900EGQZ79V21LBL44
Halma PLC,2138007FRGLUR9KGBT40
Hamburger Hafen und Logistik AG,52990003RXKZ9J9ERW70
Hapag-Lloyd AG,HD52L5PJVBXJUUX8I539
Harboes Bryggeri A/S,529900HHQ61RRUM90490
Harbour Energy PLC,213800YPC42DYBKVPF97
Harvia Oyj,7437002ULTBOWQQOXL69
Heidelberg Materials AG,LZ2C6E0W5W7LQMX5ZI37
Heineken NV,724500K5PTPSST86UQ23
Hellofresh SE,391200ZAF4V6XD2M9G57
Henkel AG & Co KGaA,549300VZCL1HTH4O4Y49
Hensoldt AG,894500686FYLLZD3M624
Hera SpA,8156009414FD99443B48
Hermes International SCA,969500Y4IJGHJE2MTJ13
Hexagon Composites ASA,5967007LIEEXZXJWMW49
Hexpol AB,549300MN30TBRLYN3465
Hill & Smith PLC,2138003A3ISGQZBOWI83
Hochtief AG,529900Y25S8NZIYTT924
Holcim AG,529900EHPFPYHV6IQO98
Holmen AB,52990080SH3454F0QE68
Howden Joinery Group PLC,213800KC1LJOJTY3JP45
Hugo Boss AG,529900LFVU534EBRXD13
Huhtamaki Oyj,5493007050SJVMXN6L29
HusCompagniet A/S,894500SWECYCFZ58R246
Husqvarna AB,549300GYQIIJ3UXB7655
IMI PLC,2138002W9Q21PF751R30
ISS A/S,213800LEZA58SZNCBN19
Iberdrola SA,5QK37QC7NWOJ8D7WVQ45
Imerys SA,54930075MZSSIB2TGC64
Imperial Brands PLC,549300DFVPOB67JL3A42
Implenia AG,52990006TKCUQQJ79B11
InPost SA,2221003M23QLERR89585
Inchcape PLC,213800RGEH1MPPNM2T57
Indus Holding AG,529900GE4O7ZOMRWR939
Industria de Diseno Textil SA,549300TTCXZOGZM2EY83
Indutrade AB,549300FISLQ6CEFP1867
InterContinental Hotels Group PLC,2138007ZFQYRUSLU3J98
International Consolidated Airlines Group SA,959800TZHQRUSH1ESL13
International Distribution Services PLC,213800TCZZU84G8Z2M70
International Game Technology PLC,549300UQ6KHRCZDRGZ76
Interparfums SA,969500SARWF33OPQED48
Interpump Group SpA,815600C79D0F31F4D395
Intertek Group PLC,2138003GAT25WW1RN369
Investment AB Latour,5493006GFBLNB3Y0Y789
Iren SpA,8156001EBD33FD474E60
Iskenderun Demir ve Celik AS,789000W8HVAZCXF6O806
Italgas SpA,815600F25FF44EF1FA76
Iveco Group NV,549300ZWF2ZJDD9EOR96
J Sainsbury PLC,213800VGZAAJIKJ9Y484
JD Sports Fashion PLC,213800HROV6Y9MUU8375
JDE Peets NV,724500EHG519SE5ZRT89
James Hardie Industries PLC,635400NSGXKTVOO7JU45
Jeronimo Martins SGPS SA,259400A8SZP10GB5IB19
Johnson Controls International PLC,549300XQ6S1GYKGBL205
Johnson Matthey PLC,2138001AVBSD1HSC6Z10
Jumbo SA,549300TGIVUUMY40MZ05
Jungheinrich AG,529900PHZORTU6FSXE73
Just Eat Takeaway.com NV,724500FVZIBSSQ7SHI95
K+S AG,529900YURAYD4IJX2J91
KWS SAAT SE & Co KgaA,529900FR2K4P9L9XLV21
Kemira Oyj,74370031Y7RK5H88CQ48
Kering SA,549300VGEJKB7SVUZR78
Kerry Group PLC,635400TLVVBNXLFHWC59
Kesko Oyj,743700OX6HSVMCAHPB95
Kingfisher PLC,213800KBMEV7I92FY281
Kingspan Group PLC,635400HM7V74SUB9OG75
Kion Group AG,5299005KY91C4C6U9H17
Kloeckner & Co SE,529900CQ31CN6GV5LL52
Knorr Bremse AG,5299001GRRO0Z25YZT52
Koc Holding AS,7890005U0H950VH19H45
Koenig & Bauer AG,529900IQ90WSXBWSTD78
Kone Oyj,2138001CNF45JP5XZK38
Konecranes Abp,549300EF0CDEQZBMA096
Kongsberg Gruppen ASA,5967007LIEEXZXJ9HK73
Koninklijke Ahold Delhaize NV,724500C9GNBV20UYRX36
Koninklijke Vopak NV,724500UL634GFV1KYF10
Krones AG,529900NY2GSZWWUBW049
Kuehne und Nagel International AG,529900Q0YED3805QXQ66
Kuka AG,529900VPRFDDIN7BE119
L E Lundbergforetagen AB (publ),529900BPSFZS6O3A9R04
L'Air Liquide Societe Anonyme pour l'Etude et l'Exploitation des Procedes Georges Claude SA,969500MMPQVHK671GT54
L'Occitane International SA,549300TLZP9DZV3ROI47
L'Oreal SA,529900JI1GG6F7RKVI53
LPKF Laser & Electronics SE,529900BCQXUJL7J96G45
LVMH Moet Hennessy Louis Vuitton SE,IOG4E947OATN0KJYSD45
Lagardere SA,969500VX2NV2AQQ65G45
Landis+Gyr Group AG,529900PZYVAKCYSLFL19
Lanxess AG,529900PTLRE72EMYIJ77
Lassila & Tikanoja Oyj,743700Z9Z54VGHZA0028
Legrand SA,969500XXRPGD7HCAFA90
Lenzing AG,529900BKFJBI0QRDJH63
Leonardo SpA,529900X4EEX1U9LN3U39
Leroy Seafood Group ASA,5967007LIEEXZXJ2JK50
Lifco AB (publ),549300RTLL4VDQRCTW41
Linde PLC,5299003QR1WT0EF88V51
Logista Integral SA,9598000ANNAL42UJ7X28
Lottomatica Group SpA,549300R72LKEGT4EX026
Lotus Bakeries NV,5493004C0K34IFI67I03
LyondellBasell Industries NV,BN6WCCZ8OVP3ITUUVN49
METRO AG,5299006EQ03K3SSUYS12
MOL Magyar Olaj es Gazipari Nyrt,213800R83KX5FQFGXS67
MTU Aero Engines AG,529900807L67JY81RD65
MVV Energie AG,529900ISR2VNZV1C0T93
Marimekko Oyj,74370053IOY42B9YJ350
Marks and Spencer Group PLC,213800EJP14A79ZG1X44
Martela Oyj,743700M4EIEVD61PNN55
Matas A/S,2138004PXX8LWGHGL872
Mayr-Melnhof Karton AG,5299001AMHDLKUM80611
Melia Hotels International SA,959800JRKSZ6YZD4EL80
Melrose Industries PLC,213800RGNXXZY2M7TR85
Mercedes-Benz Group AG,529900R27DL06UVNT076
Metall Zug AG,529900X7CXUI05DN7K64
Metlen Energy & Metals AE,213800KT8MEUJEJ2KW41
Metso Oyj,549300R0VN9C371W0E07
Mitchells & Butlers PLC,213800JHYNDNB1NS2W10
Moncler SpA,815600EBD7FB00525B20
Mondi PLC,213800LOZA69QFDC9N34
Morgan Sindall Group PLC,2138008339ULDGZRB345
Motor Oil Hellas Corinth Refineries SA,213800U3Y9UL7Y4QVM11
Mowi ASA,549300W1OGQF5LZIH349
Mundys SpA,8156008DEC771409C487
Munters Group AB,549300KYCB37YAVUV523
Mycronic AB (publ),549300S5CCFESE4C6Y07
NTG Nordic Transport Group AS,529900PZWXV8JX89K947
National Grid PLC,8R95QZMKZLJX5Q2XR704
Naturgy Energy Group SA,TL2N6M87CW970S5SV098
Navigator Company SA,549300UNIB7M2AXUXS35
Ncc AB,213800WRGLW3CY4MHW53
Neoen SA,969500C0AIAGQWZGJO13
Neste Oyj,5493009GY1X8GQ66AM14
Nestle SA,KY37LUS27QQX7BB93L28
Nexans SA,96950015FU78G84UIV14
Next PLC,213800WQD8ECPZP9PH98
Nibe Industrier AB,549300ZQH0FIF1P0MX67
Nilfisk Holding A/S,529900FSU45YYVLKB451
Nkt A/S,529900197LKWCEQ0NL18
Nomad Foods Ltd,5493000ZZ1837DS2SI43
Nordex SE,529900HVDYCUWVD0OE76
Norma Group SE,5299000LM9HC76W5XD46
Norsk Hydro ASA,549300N1SDN71ZZ8BO45
Nuh Cimento Sanayi AS,7890004MW0TKBH5J4N45
OC Oerlikon Corporation AG Pfaeffikon,529900I8VLAZR2FJ0M10
OCI NV,549300NCMRGIBJYUOE57
OMV AG,549300V62YJ9HTLRI486
Ocado Group PLC,213800LO8F61YB8MBC74
Oersted A/S,W9NG6WMZIYEU8VEDOG48
Oesterreichische Post AG,529900MVUWACNUTK8467
Olvi Oyj,7437003NX7WWVRT6AJ55
On Holding AG,
Orion SA,
Orkla ASA,549300PZS8G8RG6RVZ52
Orthex Oyj,7437008RMK8BSWN39T09
Otokar Otomotiv ve Savunma Sanayi AS,5493000NBAE8C7SELC90
Outokumpu Oyj,5493009YRUJJDCFF0R80
Oyak Cimento Fabrikalari AS,789000RZ63UR4V4JZH98
Pandora A/S,5299007OWYZ6I1E46843
Panostaja Oyj,743700ZGH7GD27UOQO12
Peab AB,549300FQS4VD3153I854
Pegasus Hava Tasimaciligi AS,789000B1MW5PQ58A8T03
Pennon Group PLC,213800V1CCTS41GWH423
Pentair PLC,549300EVR9D56WPSRP15
Per Aarsleff Holding A/S,5493008HS8STXVZXYZ63
Pernod Ricard SA,52990097YFPX9J0H5D87
Persimmon PLC,213800XI72Y57UWN6F31
Petkim Petrokimya Holding AS,529900XZCVZOEYWNBQ67
Pfeiffer Vacuum Technology AG,8945004AW6QK8JHNQP69
Pirelli & C SpA,815600A0C9AFC1F2A709
Playa Hotels & Resorts NV,529900BUP3KWPCJNLS49
Pluxee NV,213800RQNIQT48SEEO85
Polestar Automotive Holding UK PLC,894500HDA1DJKHYN4D83
Ponsse Oyj,7437000IQJS6ZC1FR041
Poste Italiane SpA,815600354DEDBD0BA991
Prada SpA,8156000FE0A2DC5B7852
Prysmian SpA,529900X0H1IO3RS1A464
Public Power Corporation SA,213800T9Y5XCOVRZ4Y57
Puig Brands SA,549300OVHNSX30L1AQ94
Puma SE,529900GRZ2BQY5ZM9N49
Purmo Group Oyj,743700JHE9365SIHRE72
Puuilo Oyj,743700UJUT6FWHBXPR69
QinetiQ Group PLC,213800S8OBDOZMCMUW34
RELX PLC,549300WSX3VBUFFJOO66
RS Group PLC,549300KVXDURRKVW7R37
RWE AG,529900GB7KCA94ACC940
Raisio Oyj,74370083282NHIP4QD02
Randstad NV,7245009EAAUUQJ0U4T57
Rational AG,529900K139N6UFJ1A758
Raute Oyj,743700G00629V99PE435
Reckitt Benckiser Group PLC,5493003JFSMOJG48V108
Redeia Corporacion SA,5493009HMD0C90GUV498
Remy Cointreau SA,5493004V6A3Z027YT216
Renault SA,969500F7JLTX36OUI695
Rentokil Initial PLC,549300VN4WV7Z6T14K68
Repsol SA,BSYCX13Y0NOTV14V9N85
Rheinmetall AG,5299001OU9CSE29O6S05
Rias A/S,549300XVCPVNRHSJS805
Rieter Holding AG,529900SNR4JQCSACBN29
Rio Tinto PLC,213800YOEO5OQ72G2R82
Rockwool A/S,213800QRC7LNX935OZ09
Rolls-Royce Holdings PLC,213800EC7997ZBLZJH69
Rotork PLC,213800AH5RZIHGWRJ718
Royal Unibrew A/S,529900D69KFL8IAP8Q63
Rubis SCA,969500MGFIKUGLTC9742
Ryanair Holdings PLC,635400BR2ROC1FVEBQ56
SASA Polyester Sanayi AS,789000PXBZOJWTDSXE13
SBM Offshore NV,549300RDGCRYZ5QE6513
SEB SA,969500WP61NBK098AC47
SFS Group AG,391200RQ38WAM4BJBO16
SGL Carbon SE,52990038IB31TYK07X63
SGS SA,2138007JNS19JHNA2336
SIG Group AG,5493004Z6P7TSVB1L042
SKF AB,549300B6HWYEE57O8J84
SOL SpA,81560096A9AEBBBD4B25
SP Group A/S,549300WCUCPUNXAFH710
SRV Yhtiot Oyj,743700GB29FXC0VXF414
SSAB AB,529900329VS14ZIML164
SSE PLC,549300KI75VYLLMSK856
STRABAG SE,529900TYYSRJH2VJSP60
Saab AB,549300ZHO4JCQQI13M69
Sacyr SA,959800XKAB9VNAVN9425
Saf-Holland Se,222100QJQLUJHWREL058
Safran SA,969500UIC89GT3UL7L24
Saipem SpA,549300PHV8MBDHWB8X12
SalMar ASA,5967007LIEEXZXGDBK67
Salzgitter AG,529900E12Z6HXIMHFA15
Samsonite Group SA,549300UULS5HYFJSEL12
Sandvik AB,5299008ZUAXN43LVZF54
Sanoma Oyj,743700XJC24THUPK0S03
Scandic Hotels Group AB,529900JY9ZBGUXGRKQ86
Scandinavian Tobacco Group A/S,5299003KG4JS99TRML67
Schaeffler AG,549300Q7E782X7GC1P43
Schindler Holding AG,5299007DRLI319H7Q933
Schneider Electric SE,969500A1YF1XUYYXS284
Schoeller-Bleckmann Oilfield Equipment AG,549300ZD9ED8GSG3JW36
Schouw & Co A/S,213800V2R9WMMZASKK57
Scorpio Tankers Inc,549300NVJUH16NXG8K87
Securitas AB,635400TTYKE8EIWDS617
Severn Trent PLC,213800RPBXRETY4A4C59
Shell PLC,21380068P1DRHMJ8KU70
Siemens AG,W38RGI023J3WT1HWRP32
Siemens Energy AG,5299005CHJZ14D4FDJ62
Signify NV,549300072P3J1X8NZO35
Sika AG,549300R3N69ECGYPU434
Sitowise Group Oyj,743700HOHMOHAANHFF73
Skanska AB,549300UINV5RINHGMG07
Smiths Group PLC,213800MJL6IPZS3ASA11
Snam SpA,8156002278562044AF79
Societe BIC SA,969500UR00DF63I0VH67
Sodexo SA,969500LCBOG12HXPYM84
Solaria Energia y Medio Ambiente SA,959800PM2YJU406K2789
Solvay SA,549300MMVL80RTBP3O28
Spie SA,969500TJNS5GSFWJ8X85
Spirax Group PLC,213800WFVZQMHOZP2W17
Stadler Rail AG,506700781XDET0A89669
Stef SA,9695008BIKG0E486UL47
Stellantis NV,549300LKT9PW7ZIBDF31
Stora Enso Oyj,7437000ZP669LKUTZ738
Subsea 7 SA,222100AIF0CBCY80AH62
Suedzucker AG,529900S8QNB101D40S72
Sulzer AG,529900NZ6MAST5IJF669
Suominen Oyj,743700Z1BNFYR9PRDF52
Surteco Group SE,52990096XE56IELO5P09
Svenska Cellulosa Aktiebolaget SCA,549300FW5JDRV1IJ0M67
Swatch Group AG,529900NTES2LEON1JZ55
Sweco AB (publ),549300Q4Y55VICYV6U90
Swiss Steel Holding AG,529900PTQ0Z1J44SHZ08
Syensqo NV,549300060XNJ90PLNS10
Symrise AG,529900D82I6R9601CF26
Systemair AB,529900RK1R6HF8KKOI20
TAV Havalimanlari Holding AS,789000PBM9TT5D88M597
TCM Group A/S,529900P5DOKT3XLWL480
TGS ASA,549300NUPLAXPB0WYH90
THG PLC,21380066N3SV9O8IDP37
TUI AG,529900SL2WSPV293B552
Takkt AG,549300AZ0JTVTW3IZY37
Tate & Lyle PLC,2138008K14474WPKZ244
Taylor Wimpey PLC,21380089BTRXTD8S3R66
Technip Energies NV,724500FLODI49NSCIP70
TechnipFMC PLC,549300D5I93QWCJTCK36
Telecom Plus PLC,549300QGHDX5UKE58G86
Teleperformance SE,9695004GI61FHFFNRG61
Tenaris SA,549300Y7C05BKC4HZB40
Terna Energy SA,5493006164JBW2E60O73
Terna Rete Elettrica Nazionale SpA,8156009E94ED54DE7C31
Ternium SA,529900QG4KU23TEI2E46
Tesco PLC,2138002P5RNKC5W2JZ46
Thales SA,529900FNDVTQJOVVPZ19
Thule Group AB,549300XHHOGBOERKU333
Titan Cement International SA,213800H2CDP9I374WH83
Tivoli A/S,213800U8GOU4PCQKDX03
Tofas Turk Otomobil Fabrikasi AS,789000YSTNETKLRWHT29
Tomra Systems ASA,549300J726JCFJU3VT89
TotalEnergies SE,529900S21EQ1BO4ESM68
Trane Technologies PLC,549300BURLR9SLYY2705
Transocean Ltd,529900QO4W5DQGBGEF32
Traton SE,529900UIMQRKPFN6SV80
Trelleborg AB,213800XY16PAWG2PAD14
Trigano SA,969500KLZPNMO8TUM811
Turk Hava Yollari AO,789000EV8M3BL7ZPFB03
Turk Traktor ve Ziraat Makineleri AS,7890002G98SY237S0Y70
Turkiye Petrol Rafinerileri AS,789000RCNG97UV50EE03
Turkiye Sise ve Cam Fabrikalari AS,789000KWOK751Q6R8875
UPM-Kymmene Oyj,213800EC6PW5VU4J9U64
Umicore SA,529900F3AIQECS8ZSV61
Unibel SA,969500DCGMF1DNOXFH76
Unilever PLC,549300MKFYEKVRWML317
Uniper SE,549300UXRTWGIBZQ4J67
United Utilities Group PLC,2138002IEYQAOC88ZJ59
V-ZUG Holding AG,
VAT Group AG,529900MVFK7NVALR7Y83
Valeo SE,5493006IH2N2WMIBB742
Vallourec SA,969500P2Q1B47H4MCJ34
Valmet Oyj,213800D9O7FUQDH83V62
Var Energi ASA,549300LIVN3FFOJN2K47
Varta AG,529900E7KB95KOXBWP63
Veolia Environnement SA,969500LENY69X51OOT31
Verallia SA,5299007YZU978DE0ZY32
Verbio SE,529900W51PINCFFALS96
Verbund AG,5299006UDSEJCTTEJS30
Verkkokauppa.com Oyj,743700QZE6B52SHHTV75
Vestas Wind Systems A/S,549300DYMC8BGZZC8844
Vestel Elektronik Sanayi ve Ticaret AS,789000X20ITI3ANQEL70
Vesuvius plc,213800ORZ521W585SY02
Vetropack Holding SA,894500HGD08C8B6GS128
Vicat SA,9695009YI1863TOVDP79
Viking Line Abp,743700CUWGW42AGIDN49
Vinci SA,213800WFQ334R8UXUG83
Vistry Group PLC,2138001KOWN7CG9SLK53
Volkswagen AG,529900NNUPAGGOMPXZ31
Volvo AB,549300HGV012CNC8JD22
Volvo Car AB,5299000EAMGGBEYP7J33
Vossloh AG,5299003HAEOUVX3HWX43
Wacker Chemie AG,0NURKC5Q3CJYZPPK5046
Wacker Neuson SE,529900RJL86244E1I652
Wallenius Wilhelmsen ASA,549300NBN0URT3RA3Y54
Wartsila Oyj Abp,743700G7A9J1PHM3X223
Webuild SpA,549300UKR289DF4UXQ47
Weir Group PLC,549300KDR56WHY9I3D10
Whitbread PLC,21380099VMZKRMN3EX36
Wienerberger AG,529900VXIFBHO0SW2I31
Wolters Kluwer NV,724500TEM53I0U077B74
X5 Retail Group NV,213800J17UJJJDGUVF56
Yara International ASA,213800WKOUWXWFJ5Z514
Zalando SE,529900YRFFGH5AXU4S86
nVent Electric PLC,
thyssenkrupp AG,549300UDG16DOYUPR330
voestalpine AG,529900ZAXBMQDIWPNB72
